USE inst_db;

INSERT INTO customer (id_cust, Cust_FirstName, Cust_LastName, Cust_Email, Cust_Phone) VALUES (1, 'Bob', 'Taylor', 'bob.taylor1@example.com', '+1-555-976-4602');
INSERT INTO customer (id_cust, Cust_FirstName, Cust_LastName, Cust_Email, Cust_Phone) VALUES (2, 'Ivan', 'Martin', 'ivan.martin2@example.com', '+1-555-287-9488');
INSERT INTO customer (id_cust, Cust_FirstName, Cust_LastName, Cust_Email, Cust_Phone) VALUES (3, 'Alice', 'Robinson', 'alice.robinson3@example.com', '+1-555-190-5247');
INSERT INTO customer (id_cust, Cust_FirstName, Cust_LastName, Cust_Email, Cust_Phone) VALUES (4, 'Heidi', 'Jones', 'heidi.jones4@example.com', '+1-555-479-1621');
INSERT INTO customer (id_cust, Cust_FirstName, Cust_LastName, Cust_Email, Cust_Phone) VALUES (5, 'Leo', 'Brown', 'leo.brown5@example.com', '+1-555-403-6114');
INSERT INTO customer (id_cust, Cust_FirstName, Cust_LastName, Cust_Email, Cust_Phone) VALUES (6, 'Bob', 'Jackson', 'bob.jackson6@example.com', '+1-555-456-6864');
INSERT INTO customer (id_cust, Cust_FirstName, Cust_LastName, Cust_Email, Cust_Phone) VALUES (7, 'Bob', 'White', 'bob.white7@example.com', '+1-555-613-8040');
INSERT INTO customer (id_cust, Cust_FirstName, Cust_LastName, Cust_Email, Cust_Phone) VALUES (8, 'Grace', 'Brown', 'grace.brown8@example.com', '+1-555-109-1484');
INSERT INTO customer (id_cust, Cust_FirstName, Cust_LastName, Cust_Email, Cust_Phone) VALUES (9, 'Grace', 'Brown', 'grace.brown9@example.com', '+1-555-758-7224');
INSERT INTO customer (id_cust, Cust_FirstName, Cust_LastName, Cust_Email, Cust_Phone) VALUES (10, 'Frank', 'Harris', 'frank.harris10@example.com', '+1-555-605-7895');
INSERT INTO customer (id_cust, Cust_FirstName, Cust_LastName, Cust_Email, Cust_Phone) VALUES (11, 'Ivan', 'Johnson', 'ivan.johnson11@example.com', '+1-555-194-4072');
INSERT INTO customer (id_cust, Cust_FirstName, Cust_LastName, Cust_Email, Cust_Phone) VALUES (12, 'Bob', 'Jackson', 'bob.jackson12@example.com', '+1-555-723-5341');
INSERT INTO customer (id_cust, Cust_FirstName, Cust_LastName, Cust_Email, Cust_Phone) VALUES (13, 'Noah', 'Jones', 'noah.jones13@example.com', '+1-555-747-1476');
INSERT INTO customer (id_cust, Cust_FirstName, Cust_LastName, Cust_Email, Cust_Phone) VALUES (14, 'Grace', 'Jackson', 'grace.jackson14@example.com', '+1-555-474-9316');
INSERT INTO customer (id_cust, Cust_FirstName, Cust_LastName, Cust_Email, Cust_Phone) VALUES (15, 'Charlie', 'Garcia', 'charlie.garcia15@example.com', '+1-555-546-4001');
INSERT INTO customer (id_cust, Cust_FirstName, Cust_LastName, Cust_Email, Cust_Phone) VALUES (16, 'Alice', 'Taylor', 'alice.taylor16@example.com', '+1-555-580-8664');
INSERT INTO customer (id_cust, Cust_FirstName, Cust_LastName, Cust_Email, Cust_Phone) VALUES (17, 'Ivan', 'Martin', 'ivan.martin17@example.com', '+1-555-318-2129');
INSERT INTO customer (id_cust, Cust_FirstName, Cust_LastName, Cust_Email, Cust_Phone) VALUES (18, 'Alice', 'Jones', 'alice.jones18@example.com', '+1-555-956-7339');
INSERT INTO customer (id_cust, Cust_FirstName, Cust_LastName, Cust_Email, Cust_Phone) VALUES (19, 'Diana', 'Thomas', 'diana.thomas19@example.com', '+1-555-971-8590');
INSERT INTO customer (id_cust, Cust_FirstName, Cust_LastName, Cust_Email, Cust_Phone) VALUES (20, 'Ryan', 'Smith', 'ryan.smith20@example.com', '+1-555-517-8717');
INSERT INTO customer (id_cust, Cust_FirstName, Cust_LastName, Cust_Email, Cust_Phone) VALUES (21, 'Judy', 'Johnson', 'judy.johnson21@example.com', '+1-555-341-6052');
INSERT INTO customer (id_cust, Cust_FirstName, Cust_LastName, Cust_Email, Cust_Phone) VALUES (22, 'Tom', 'Thomas', 'tom.thomas22@example.com', '+1-555-956-5365');
INSERT INTO customer (id_cust, Cust_FirstName, Cust_LastName, Cust_Email, Cust_Phone) VALUES (23, 'Eve', 'Davis', 'eve.davis23@example.com', '+1-555-259-3638');
INSERT INTO customer (id_cust, Cust_FirstName, Cust_LastName, Cust_Email, Cust_Phone) VALUES (24, 'Noah', 'Wilson', 'noah.wilson24@example.com', '+1-555-268-4474');
INSERT INTO customer (id_cust, Cust_FirstName, Cust_LastName, Cust_Email, Cust_Phone) VALUES (25, 'Paul', 'Thomas', 'paul.thomas25@example.com', '+1-555-314-5098');
INSERT INTO customer (id_cust, Cust_FirstName, Cust_LastName, Cust_Email, Cust_Phone) VALUES (26, 'Ivan', 'Harris', 'ivan.harris26@example.com', '+1-555-221-6342');
INSERT INTO customer (id_cust, Cust_FirstName, Cust_LastName, Cust_Email, Cust_Phone) VALUES (27, 'Judy', 'White', 'judy.white27@example.com', '+1-555-604-7753');
INSERT INTO customer (id_cust, Cust_FirstName, Cust_LastName, Cust_Email, Cust_Phone) VALUES (28, 'Alice', 'Johnson', 'alice.johnson28@example.com', '+1-555-256-3703');
INSERT INTO customer (id_cust, Cust_FirstName, Cust_LastName, Cust_Email, Cust_Phone) VALUES (29, 'Olivia', 'Anderson', 'olivia.anderson29@example.com', '+1-555-332-6683');
INSERT INTO customer (id_cust, Cust_FirstName, Cust_LastName, Cust_Email, Cust_Phone) VALUES (30, 'Paul', 'Davis', 'paul.davis30@example.com', '+1-555-945-2113');
INSERT INTO customer (id_cust, Cust_FirstName, Cust_LastName, Cust_Email, Cust_Phone) VALUES (31, 'Noah', 'Jackson', 'noah.jackson31@example.com', '+1-555-857-8297');
INSERT INTO customer (id_cust, Cust_FirstName, Cust_LastName, Cust_Email, Cust_Phone) VALUES (32, 'Grace', 'Davis', 'grace.davis32@example.com', '+1-555-248-5816');
INSERT INTO customer (id_cust, Cust_FirstName, Cust_LastName, Cust_Email, Cust_Phone) VALUES (33, 'Ryan', 'Johnson', 'ryan.johnson33@example.com', '+1-555-160-5742');
INSERT INTO customer (id_cust, Cust_FirstName, Cust_LastName, Cust_Email, Cust_Phone) VALUES (34, 'Grace', 'Wilson', 'grace.wilson34@example.com', '+1-555-965-5628');
INSERT INTO customer (id_cust, Cust_FirstName, Cust_LastName, Cust_Email, Cust_Phone) VALUES (35, 'Charlie', 'Brown', 'charlie.brown35@example.com', '+1-555-359-1415');
INSERT INTO customer (id_cust, Cust_FirstName, Cust_LastName, Cust_Email, Cust_Phone) VALUES (36, 'Bob', 'Thomas', 'bob.thomas36@example.com', '+1-555-143-8741');
INSERT INTO customer (id_cust, Cust_FirstName, Cust_LastName, Cust_Email, Cust_Phone) VALUES (37, 'Bob', 'Johnson', 'bob.johnson37@example.com', '+1-555-465-3832');
INSERT INTO customer (id_cust, Cust_FirstName, Cust_LastName, Cust_Email, Cust_Phone) VALUES (38, 'Sara', 'Jones', 'sara.jones38@example.com', '+1-555-148-6371');
INSERT INTO customer (id_cust, Cust_FirstName, Cust_LastName, Cust_Email, Cust_Phone) VALUES (39, 'Grace', 'Johnson', 'grace.johnson39@example.com', '+1-555-176-1084');
INSERT INTO customer (id_cust, Cust_FirstName, Cust_LastName, Cust_Email, Cust_Phone) VALUES (40, 'Alice', 'Jones', 'alice.jones40@example.com', '+1-555-686-3822');

INSERT INTO instrument (Inst_Serial, Inst_Brand, Inst_Model, Inst_Type, Inst_Condition, Inst_Weight, Sale_Price, id_cust_owner) VALUES ('SN-MAR-61628', 'Martin', 'D-28', 'Acoustic Guitar', 'Used - Excellent', 18.23, 2255.12, NULL);
INSERT INTO instrument (Inst_Serial, Inst_Brand, Inst_Model, Inst_Type, Inst_Condition, Inst_Weight, Sale_Price, id_cust_owner) VALUES ('SN-TAY-51271', 'Taylor', '814ce', 'Acoustic Guitar', 'B-Stock', 15.89, 607.64, NULL);
INSERT INTO instrument (Inst_Serial, Inst_Brand, Inst_Model, Inst_Type, Inst_Condition, Inst_Weight, Sale_Price, id_cust_owner) VALUES ('SN-TAY-36475', 'Taylor', '814ce', 'Acoustic Guitar', 'B-Stock', 5.51, 1779.62, 29);
INSERT INTO instrument (Inst_Serial, Inst_Brand, Inst_Model, Inst_Type, Inst_Condition, Inst_Weight, Sale_Price, id_cust_owner) VALUES ('SN-MAR-70560', 'Martin', 'D-28', 'Acoustic Guitar', 'B-Stock', 21.93, 2064.81, NULL);
INSERT INTO instrument (Inst_Serial, Inst_Brand, Inst_Model, Inst_Type, Inst_Condition, Inst_Weight, Sale_Price, id_cust_owner) VALUES ('SN-DW-36796', 'DW', 'Collector Series', 'Drum Kit', 'New', 17.29, 3466.91, 21);
INSERT INTO instrument (Inst_Serial, Inst_Brand, Inst_Model, Inst_Type, Inst_Condition, Inst_Weight, Sale_Price, id_cust_owner) VALUES ('SN-KOR-26772', 'Korg', 'Minilogue', 'Synthesizer', 'Vintage', 22.51, 1029.86, 24);
INSERT INTO instrument (Inst_Serial, Inst_Brand, Inst_Model, Inst_Type, Inst_Condition, Inst_Weight, Sale_Price, id_cust_owner) VALUES ('SN-TAY-89945', 'Taylor', '814ce', 'Acoustic Guitar', 'Used - Excellent', 18.65, 754.14, NULL);
INSERT INTO instrument (Inst_Serial, Inst_Brand, Inst_Model, Inst_Type, Inst_Condition, Inst_Weight, Sale_Price, id_cust_owner) VALUES ('SN-YAM-34454', 'Yamaha', 'DX7', 'Synthesizer', 'B-Stock', 5.04, 4937.71, 4);
INSERT INTO instrument (Inst_Serial, Inst_Brand, Inst_Model, Inst_Type, Inst_Condition, Inst_Weight, Sale_Price, id_cust_owner) VALUES ('SN-DW-95946', 'DW', 'Collector Series', 'Drum Kit', 'Used - Excellent', 16.33, 3495.56, 11);
INSERT INTO instrument (Inst_Serial, Inst_Brand, Inst_Model, Inst_Type, Inst_Condition, Inst_Weight, Sale_Price, id_cust_owner) VALUES ('SN-FEN-84074', 'Fender', 'Stratocaster', 'Electric Guitar', 'Used - Excellent', 8.78, 2771.31, NULL);
INSERT INTO instrument (Inst_Serial, Inst_Brand, Inst_Model, Inst_Type, Inst_Condition, Inst_Weight, Sale_Price, id_cust_owner) VALUES ('SN-TAY-72899', 'Taylor', '814ce', 'Acoustic Guitar', 'Vintage', 24.97, 894.0, NULL);
INSERT INTO instrument (Inst_Serial, Inst_Brand, Inst_Model, Inst_Type, Inst_Condition, Inst_Weight, Sale_Price, id_cust_owner) VALUES ('SN-YAM-48983', 'Yamaha', 'DX7', 'Synthesizer', 'New', 24.28, 3502.53, NULL);
INSERT INTO instrument (Inst_Serial, Inst_Brand, Inst_Model, Inst_Type, Inst_Condition, Inst_Weight, Sale_Price, id_cust_owner) VALUES ('SN-MOO-10952', 'Moog', 'Subsequent 37', 'Synthesizer', 'New', 4.67, 2330.31, NULL);
INSERT INTO instrument (Inst_Serial, Inst_Brand, Inst_Model, Inst_Type, Inst_Condition, Inst_Weight, Sale_Price, id_cust_owner) VALUES ('SN-PEA-61061', 'Pearl', 'Session Studio', 'Drum Kit', 'B-Stock', 13.73, 1353.53, NULL);
INSERT INTO instrument (Inst_Serial, Inst_Brand, Inst_Model, Inst_Type, Inst_Condition, Inst_Weight, Sale_Price, id_cust_owner) VALUES ('SN-TAY-42492', 'Taylor', '814ce', 'Acoustic Guitar', 'Used - Excellent', 9.75, 3873.4, 33);
INSERT INTO instrument (Inst_Serial, Inst_Brand, Inst_Model, Inst_Type, Inst_Condition, Inst_Weight, Sale_Price, id_cust_owner) VALUES ('SN-PEA-31774', 'Pearl', 'Session Studio', 'Drum Kit', 'Used - Good', 4.04, 1779.99, NULL);
INSERT INTO instrument (Inst_Serial, Inst_Brand, Inst_Model, Inst_Type, Inst_Condition, Inst_Weight, Sale_Price, id_cust_owner) VALUES ('SN-ROL-74571', 'Roland', 'Jupiter-8', 'Synthesizer', 'Used - Excellent', 17.3, 4000.98, NULL);
INSERT INTO instrument (Inst_Serial, Inst_Brand, Inst_Model, Inst_Type, Inst_Condition, Inst_Weight, Sale_Price, id_cust_owner) VALUES ('SN-YAM-95320', 'Yamaha', 'DX7', 'Synthesizer', 'Used - Good', 12.08, 4929.0, NULL);
INSERT INTO instrument (Inst_Serial, Inst_Brand, Inst_Model, Inst_Type, Inst_Condition, Inst_Weight, Sale_Price, id_cust_owner) VALUES ('SN-MAR-78143', 'Martin', 'D-28', 'Acoustic Guitar', 'Used - Good', 8.18, 2876.93, NULL);
INSERT INTO instrument (Inst_Serial, Inst_Brand, Inst_Model, Inst_Type, Inst_Condition, Inst_Weight, Sale_Price, id_cust_owner) VALUES ('SN-MOO-21057', 'Moog', 'Subsequent 37', 'Synthesizer', 'Vintage', 21.63, 2172.84, 36);
INSERT INTO instrument (Inst_Serial, Inst_Brand, Inst_Model, Inst_Type, Inst_Condition, Inst_Weight, Sale_Price, id_cust_owner) VALUES ('SN-MOO-51687', 'Moog', 'Subsequent 37', 'Synthesizer', 'Used - Fair', 21.53, 4215.87, NULL);
INSERT INTO instrument (Inst_Serial, Inst_Brand, Inst_Model, Inst_Type, Inst_Condition, Inst_Weight, Sale_Price, id_cust_owner) VALUES ('SN-YAM-54430', 'Yamaha', 'DX7', 'Synthesizer', 'Used - Excellent', 21.02, 3122.28, NULL);
INSERT INTO instrument (Inst_Serial, Inst_Brand, Inst_Model, Inst_Type, Inst_Condition, Inst_Weight, Sale_Price, id_cust_owner) VALUES ('SN-MOO-99239', 'Moog', 'Subsequent 37', 'Synthesizer', 'Used - Fair', 7.8, 4459.58, NULL);
INSERT INTO instrument (Inst_Serial, Inst_Brand, Inst_Model, Inst_Type, Inst_Condition, Inst_Weight, Sale_Price, id_cust_owner) VALUES ('SN-PEA-95854', 'Pearl', 'Session Studio', 'Drum Kit', 'Vintage', 15.6, 1472.49, NULL);
INSERT INTO instrument (Inst_Serial, Inst_Brand, Inst_Model, Inst_Type, Inst_Condition, Inst_Weight, Sale_Price, id_cust_owner) VALUES ('SN-GIB-30368', 'Gibson', 'Les Paul', 'Electric Guitar', 'Used - Excellent', 7.93, 3917.6, NULL);
INSERT INTO instrument (Inst_Serial, Inst_Brand, Inst_Model, Inst_Type, Inst_Condition, Inst_Weight, Sale_Price, id_cust_owner) VALUES ('SN-PEA-92507', 'Pearl', 'Session Studio', 'Drum Kit', 'Vintage', 18.27, 1960.74, NULL);
INSERT INTO instrument (Inst_Serial, Inst_Brand, Inst_Model, Inst_Type, Inst_Condition, Inst_Weight, Sale_Price, id_cust_owner) VALUES ('SN-MAR-98594', 'Martin', 'D-28', 'Acoustic Guitar', 'Used - Good', 16.63, 1880.65, NULL);
INSERT INTO instrument (Inst_Serial, Inst_Brand, Inst_Model, Inst_Type, Inst_Condition, Inst_Weight, Sale_Price, id_cust_owner) VALUES ('SN-PEA-38547', 'Pearl', 'Session Studio', 'Drum Kit', 'Used - Fair', 18.23, 3153.43, NULL);
INSERT INTO instrument (Inst_Serial, Inst_Brand, Inst_Model, Inst_Type, Inst_Condition, Inst_Weight, Sale_Price, id_cust_owner) VALUES ('SN-FEN-16092', 'Fender', 'Stratocaster', 'Electric Guitar', 'New', 24.76, 1793.58, NULL);
INSERT INTO instrument (Inst_Serial, Inst_Brand, Inst_Model, Inst_Type, Inst_Condition, Inst_Weight, Sale_Price, id_cust_owner) VALUES ('SN-MOO-50929', 'Moog', 'Subsequent 37', 'Synthesizer', 'New', 24.71, 1238.08, 23);
INSERT INTO instrument (Inst_Serial, Inst_Brand, Inst_Model, Inst_Type, Inst_Condition, Inst_Weight, Sale_Price, id_cust_owner) VALUES ('SN-DW-41093', 'DW', 'Collector Series', 'Drum Kit', 'Vintage', 19.76, 4078.88, NULL);
INSERT INTO instrument (Inst_Serial, Inst_Brand, Inst_Model, Inst_Type, Inst_Condition, Inst_Weight, Sale_Price, id_cust_owner) VALUES ('SN-ROL-30566', 'Roland', 'Jupiter-8', 'Synthesizer', 'Used - Excellent', 20.51, 3249.42, NULL);
INSERT INTO instrument (Inst_Serial, Inst_Brand, Inst_Model, Inst_Type, Inst_Condition, Inst_Weight, Sale_Price, id_cust_owner) VALUES ('SN-TAY-87963', 'Taylor', '814ce', 'Acoustic Guitar', 'Used - Excellent', 20.96, 3449.46, 31);
INSERT INTO instrument (Inst_Serial, Inst_Brand, Inst_Model, Inst_Type, Inst_Condition, Inst_Weight, Sale_Price, id_cust_owner) VALUES ('SN-TAY-65429', 'Taylor', '814ce', 'Acoustic Guitar', 'Used - Good', 17.84, 4212.39, NULL);
INSERT INTO instrument (Inst_Serial, Inst_Brand, Inst_Model, Inst_Type, Inst_Condition, Inst_Weight, Sale_Price, id_cust_owner) VALUES ('SN-MAR-70556', 'Martin', 'D-28', 'Acoustic Guitar', 'Used - Fair', 12.74, 2636.41, 4);
INSERT INTO instrument (Inst_Serial, Inst_Brand, Inst_Model, Inst_Type, Inst_Condition, Inst_Weight, Sale_Price, id_cust_owner) VALUES ('SN-ROL-78189', 'Roland', 'Jupiter-8', 'Synthesizer', 'Used - Excellent', 22.05, 3444.82, NULL);
INSERT INTO instrument (Inst_Serial, Inst_Brand, Inst_Model, Inst_Type, Inst_Condition, Inst_Weight, Sale_Price, id_cust_owner) VALUES ('SN-GIB-21653', 'Gibson', 'Les Paul', 'Electric Guitar', 'B-Stock', 22.31, 4085.11, 40);
INSERT INTO instrument (Inst_Serial, Inst_Brand, Inst_Model, Inst_Type, Inst_Condition, Inst_Weight, Sale_Price, id_cust_owner) VALUES ('SN-TAY-71413', 'Taylor', '814ce', 'Acoustic Guitar', 'New', 24.71, 2604.59, NULL);
INSERT INTO instrument (Inst_Serial, Inst_Brand, Inst_Model, Inst_Type, Inst_Condition, Inst_Weight, Sale_Price, id_cust_owner) VALUES ('SN-YAM-14770', 'Yamaha', 'DX7', 'Synthesizer', 'B-Stock', 22.42, 1988.14, NULL);
INSERT INTO instrument (Inst_Serial, Inst_Brand, Inst_Model, Inst_Type, Inst_Condition, Inst_Weight, Sale_Price, id_cust_owner) VALUES ('SN-TAY-87028', 'Taylor', '814ce', 'Acoustic Guitar', 'New', 16.85, 1531.14, 40);

INSERT INTO rent (id_cust, Inst_Serial, Rent_Start, Rent_Monthly) VALUES (11, 'SN-YAM-48983', '2025-12-27', 232.96);
INSERT INTO rent (id_cust, Inst_Serial, Rent_Start, Rent_Monthly) VALUES (23, 'SN-MOO-10952', '2025-05-16', 166.26);
INSERT INTO rent (id_cust, Inst_Serial, Rent_Start, Rent_Monthly) VALUES (38, 'SN-MAR-70560', '2025-02-27', 67.49);
INSERT INTO rent (id_cust, Inst_Serial, Rent_Start, Rent_Monthly) VALUES (14, 'SN-YAM-54430', '2025-12-01', 203.43);
INSERT INTO rent (id_cust, Inst_Serial, Rent_Start, Rent_Monthly) VALUES (30, 'SN-PEA-95854', '2025-10-25', 189.04);
INSERT INTO rent (id_cust, Inst_Serial, Rent_Start, Rent_Monthly) VALUES (31, 'SN-YAM-54430', '2025-02-27', 256.15);
INSERT INTO rent (id_cust, Inst_Serial, Rent_Start, Rent_Monthly) VALUES (11, 'SN-PEA-31774', '2025-03-18', 256.47);
INSERT INTO rent (id_cust, Inst_Serial, Rent_Start, Rent_Monthly) VALUES (5, 'SN-MOO-10952', '2025-12-21', 95.2);
INSERT INTO rent (id_cust, Inst_Serial, Rent_Start, Rent_Monthly) VALUES (20, 'SN-TAY-71413', '2025-06-06', 78.05);
INSERT INTO rent (id_cust, Inst_Serial, Rent_Start, Rent_Monthly) VALUES (26, 'SN-MOO-51687', '2025-10-06', 85.03);
INSERT INTO rent (id_cust, Inst_Serial, Rent_Start, Rent_Monthly) VALUES (39, 'SN-YAM-95320', '2025-07-20', 165.79);
INSERT INTO rent (id_cust, Inst_Serial, Rent_Start, Rent_Monthly) VALUES (23, 'SN-YAM-95320', '2025-06-25', 136.03);
INSERT INTO rent (id_cust, Inst_Serial, Rent_Start, Rent_Monthly) VALUES (26, 'SN-TAY-65429', '2025-06-15', 217.16);
INSERT INTO rent (id_cust, Inst_Serial, Rent_Start, Rent_Monthly) VALUES (19, 'SN-ROL-30566', '2025-09-28', 259.05);
INSERT INTO rent (id_cust, Inst_Serial, Rent_Start, Rent_Monthly) VALUES (5, 'SN-MOO-10952', '2025-06-08', 233.74);
INSERT INTO rent (id_cust, Inst_Serial, Rent_Start, Rent_Monthly) VALUES (17, 'SN-DW-41093', '2025-03-13', 94.67);
INSERT INTO rent (id_cust, Inst_Serial, Rent_Start, Rent_Monthly) VALUES (20, 'SN-YAM-48983', '2025-05-05', 274.59);
INSERT INTO rent (id_cust, Inst_Serial, Rent_Start, Rent_Monthly) VALUES (6, 'SN-YAM-95320', '2025-05-13', 66.84);
INSERT INTO rent (id_cust, Inst_Serial, Rent_Start, Rent_Monthly) VALUES (16, 'SN-TAY-51271', '2025-03-17', 166.11);
INSERT INTO rent (id_cust, Inst_Serial, Rent_Start, Rent_Monthly) VALUES (22, 'SN-MOO-51687', '2025-11-16', 58.02);
INSERT INTO rent (id_cust, Inst_Serial, Rent_Start, Rent_Monthly) VALUES (35, 'SN-MOO-10952', '2025-11-12', 295.54);
INSERT INTO rent (id_cust, Inst_Serial, Rent_Start, Rent_Monthly) VALUES (9, 'SN-YAM-14770', '2025-02-14', 278.52);
INSERT INTO rent (id_cust, Inst_Serial, Rent_Start, Rent_Monthly) VALUES (14, 'SN-FEN-84074', '2025-07-22', 134.15);
INSERT INTO rent (id_cust, Inst_Serial, Rent_Start, Rent_Monthly) VALUES (39, 'SN-PEA-95854', '2025-04-03', 166.21);
INSERT INTO rent (id_cust, Inst_Serial, Rent_Start, Rent_Monthly) VALUES (36, 'SN-TAY-65429', '2025-06-22', 166.46);
INSERT INTO rent (id_cust, Inst_Serial, Rent_Start, Rent_Monthly) VALUES (37, 'SN-TAY-89945', '2025-07-01', 123.09);
INSERT INTO rent (id_cust, Inst_Serial, Rent_Start, Rent_Monthly) VALUES (30, 'SN-MAR-98594', '2025-02-21', 82.39);
INSERT INTO rent (id_cust, Inst_Serial, Rent_Start, Rent_Monthly) VALUES (16, 'SN-DW-41093', '2025-10-23', 154.92);
INSERT INTO rent (id_cust, Inst_Serial, Rent_Start, Rent_Monthly) VALUES (29, 'SN-TAY-51271', '2025-02-21', 118.27);
INSERT INTO rent (id_cust, Inst_Serial, Rent_Start, Rent_Monthly) VALUES (20, 'SN-YAM-14770', '2025-11-01', 281.39);

INSERT INTO component (id_comp, Comp_Name, Comp_TechSpec) VALUES (1, 'Tom Shell Variant C', 'Birch 4-ply');
INSERT INTO component (id_comp, Comp_Name, Comp_TechSpec) VALUES (2, 'Filter Variant C', '24dB Low Pass');
INSERT INTO component (id_comp, Comp_Name, Comp_TechSpec) VALUES (3, 'Neck Variant C', 'Maple Wood');
INSERT INTO component (id_comp, Comp_Name, Comp_TechSpec) VALUES (4, 'Pickups Variant C', 'Alnico V');
INSERT INTO component (id_comp, Comp_Name, Comp_TechSpec) VALUES (5, 'Pickups Variant E', 'Alnico V');
INSERT INTO component (id_comp, Comp_Name, Comp_TechSpec) VALUES (6, 'Kick Pedal Variant D', 'Double Chain Drive');
INSERT INTO component (id_comp, Comp_Name, Comp_TechSpec) VALUES (7, 'Filter Variant B', '24dB Low Pass');
INSERT INTO component (id_comp, Comp_Name, Comp_TechSpec) VALUES (8, 'Body Variant F', 'Mahogany Wood');
INSERT INTO component (id_comp, Comp_Name, Comp_TechSpec) VALUES (9, 'Kick Pedal Variant B', 'Double Chain Drive');
INSERT INTO component (id_comp, Comp_Name, Comp_TechSpec) VALUES (10, 'Body Variant F', 'Mahogany Wood');
INSERT INTO component (id_comp, Comp_Name, Comp_TechSpec) VALUES (11, 'Body Variant A', 'Mahogany Wood');
INSERT INTO component (id_comp, Comp_Name, Comp_TechSpec) VALUES (12, 'Snare Shell Variant C', 'Birch 6-ply');
INSERT INTO component (id_comp, Comp_Name, Comp_TechSpec) VALUES (13, 'Filter Variant A', '24dB Low Pass');
INSERT INTO component (id_comp, Comp_Name, Comp_TechSpec) VALUES (14, 'Body Variant C', 'Mahogany Wood');
INSERT INTO component (id_comp, Comp_Name, Comp_TechSpec) VALUES (15, 'Tom Shell Variant A', 'Birch 4-ply');
INSERT INTO component (id_comp, Comp_Name, Comp_TechSpec) VALUES (16, 'Tom Shell Variant A', 'Birch 4-ply');
INSERT INTO component (id_comp, Comp_Name, Comp_TechSpec) VALUES (17, 'Neck Variant B', 'Maple Wood');
INSERT INTO component (id_comp, Comp_Name, Comp_TechSpec) VALUES (18, 'Kick Pedal Variant E', 'Double Chain Drive');
INSERT INTO component (id_comp, Comp_Name, Comp_TechSpec) VALUES (19, 'Kick Pedal Variant B', 'Double Chain Drive');
INSERT INTO component (id_comp, Comp_Name, Comp_TechSpec) VALUES (20, 'Body Variant F', 'Mahogany Wood');

INSERT INTO composition (Inst_Serial, id_comp, Assy_Name) VALUES ('SN-MAR-61628', 16, 'Assembly Part 5');
INSERT INTO composition (Inst_Serial, id_comp, Assy_Name) VALUES ('SN-ROL-74571', 13, 'Assembly Part 1');
INSERT INTO composition (Inst_Serial, id_comp, Assy_Name) VALUES ('SN-YAM-14770', 12, 'Assembly Part 2');
INSERT INTO composition (Inst_Serial, id_comp, Assy_Name) VALUES ('SN-GIB-30368', 12, 'Assembly Part 2');
INSERT INTO composition (Inst_Serial, id_comp, Assy_Name) VALUES ('SN-TAY-36475', 19, 'Assembly Part 5');
INSERT INTO composition (Inst_Serial, id_comp, Assy_Name) VALUES ('SN-MOO-21057', 6, 'Assembly Part 3');
INSERT INTO composition (Inst_Serial, id_comp, Assy_Name) VALUES ('SN-TAY-72899', 18, 'Assembly Part 1');
INSERT INTO composition (Inst_Serial, id_comp, Assy_Name) VALUES ('SN-TAY-65429', 15, 'Assembly Part 1');
INSERT INTO composition (Inst_Serial, id_comp, Assy_Name) VALUES ('SN-GIB-30368', 18, 'Assembly Part 3');
INSERT INTO composition (Inst_Serial, id_comp, Assy_Name) VALUES ('SN-PEA-61061', 7, 'Assembly Part 5');
INSERT INTO composition (Inst_Serial, id_comp, Assy_Name) VALUES ('SN-YAM-14770', 20, 'Assembly Part 3');
INSERT INTO composition (Inst_Serial, id_comp, Assy_Name) VALUES ('SN-YAM-34454', 13, 'Assembly Part 3');
INSERT INTO composition (Inst_Serial, id_comp, Assy_Name) VALUES ('SN-MAR-70556', 8, 'Assembly Part 5');
INSERT INTO composition (Inst_Serial, id_comp, Assy_Name) VALUES ('SN-ROL-30566', 8, 'Assembly Part 5');
INSERT INTO composition (Inst_Serial, id_comp, Assy_Name) VALUES ('SN-PEA-92507', 5, 'Assembly Part 1');
INSERT INTO composition (Inst_Serial, id_comp, Assy_Name) VALUES ('SN-MAR-70560', 18, 'Assembly Part 5');
INSERT INTO composition (Inst_Serial, id_comp, Assy_Name) VALUES ('SN-PEA-95854', 4, 'Assembly Part 2');
INSERT INTO composition (Inst_Serial, id_comp, Assy_Name) VALUES ('SN-PEA-31774', 12, 'Assembly Part 2');
INSERT INTO composition (Inst_Serial, id_comp, Assy_Name) VALUES ('SN-PEA-38547', 14, 'Assembly Part 2');
INSERT INTO composition (Inst_Serial, id_comp, Assy_Name) VALUES ('SN-MAR-61628', 17, 'Assembly Part 4');
INSERT INTO composition (Inst_Serial, id_comp, Assy_Name) VALUES ('SN-MAR-98594', 1, 'Assembly Part 3');
INSERT INTO composition (Inst_Serial, id_comp, Assy_Name) VALUES ('SN-DW-41093', 7, 'Assembly Part 5');
INSERT INTO composition (Inst_Serial, id_comp, Assy_Name) VALUES ('SN-TAY-65429', 8, 'Assembly Part 3');
INSERT INTO composition (Inst_Serial, id_comp, Assy_Name) VALUES ('SN-ROL-30566', 10, 'Assembly Part 1');
INSERT INTO composition (Inst_Serial, id_comp, Assy_Name) VALUES ('SN-MAR-70560', 17, 'Assembly Part 1');
INSERT INTO composition (Inst_Serial, id_comp, Assy_Name) VALUES ('SN-TAY-65429', 9, 'Assembly Part 3');
INSERT INTO composition (Inst_Serial, id_comp, Assy_Name) VALUES ('SN-MAR-98594', 13, 'Assembly Part 1');
INSERT INTO composition (Inst_Serial, id_comp, Assy_Name) VALUES ('SN-MAR-61628', 2, 'Assembly Part 5');
INSERT INTO composition (Inst_Serial, id_comp, Assy_Name) VALUES ('SN-FEN-16092', 7, 'Assembly Part 1');
INSERT INTO composition (Inst_Serial, id_comp, Assy_Name) VALUES ('SN-YAM-95320', 18, 'Assembly Part 3');
INSERT INTO composition (Inst_Serial, id_comp, Assy_Name) VALUES ('SN-DW-95946', 5, 'Assembly Part 1');
INSERT INTO composition (Inst_Serial, id_comp, Assy_Name) VALUES ('SN-DW-36796', 1, 'Assembly Part 3');
INSERT INTO composition (Inst_Serial, id_comp, Assy_Name) VALUES ('SN-DW-41093', 8, 'Assembly Part 1');
INSERT INTO composition (Inst_Serial, id_comp, Assy_Name) VALUES ('SN-YAM-95320', 10, 'Assembly Part 5');
INSERT INTO composition (Inst_Serial, id_comp, Assy_Name) VALUES ('SN-MAR-70556', 20, 'Assembly Part 5');
INSERT INTO composition (Inst_Serial, id_comp, Assy_Name) VALUES ('SN-YAM-54430', 6, 'Assembly Part 3');
INSERT INTO composition (Inst_Serial, id_comp, Assy_Name) VALUES ('SN-DW-95946', 12, 'Assembly Part 1');
INSERT INTO composition (Inst_Serial, id_comp, Assy_Name) VALUES ('SN-MOO-99239', 11, 'Assembly Part 4');
INSERT INTO composition (Inst_Serial, id_comp, Assy_Name) VALUES ('SN-GIB-21653', 20, 'Assembly Part 1');
INSERT INTO composition (Inst_Serial, id_comp, Assy_Name) VALUES ('SN-MOO-50929', 3, 'Assembly Part 4');
INSERT INTO composition (Inst_Serial, id_comp, Assy_Name) VALUES ('SN-TAY-36475', 1, 'Assembly Part 1');
INSERT INTO composition (Inst_Serial, id_comp, Assy_Name) VALUES ('SN-TAY-71413', 15, 'Assembly Part 3');
INSERT INTO composition (Inst_Serial, id_comp, Assy_Name) VALUES ('SN-PEA-31774', 3, 'Assembly Part 1');
INSERT INTO composition (Inst_Serial, id_comp, Assy_Name) VALUES ('SN-TAY-87028', 5, 'Assembly Part 3');
INSERT INTO composition (Inst_Serial, id_comp, Assy_Name) VALUES ('SN-TAY-71413', 10, 'Assembly Part 5');
INSERT INTO composition (Inst_Serial, id_comp, Assy_Name) VALUES ('SN-ROL-74571', 14, 'Assembly Part 4');
INSERT INTO composition (Inst_Serial, id_comp, Assy_Name) VALUES ('SN-GIB-21653', 16, 'Assembly Part 2');
INSERT INTO composition (Inst_Serial, id_comp, Assy_Name) VALUES ('SN-GIB-21653', 17, 'Assembly Part 5');

INSERT INTO maintenance (id_maint, Maint_Date, Inst_Serial) VALUES (1, '2025-01-03', 'SN-ROL-74571');
INSERT INTO maintenance (id_maint, Maint_Date, Inst_Serial) VALUES (2, '2025-08-26', 'SN-DW-41093');
INSERT INTO maintenance (id_maint, Maint_Date, Inst_Serial) VALUES (3, '2025-04-16', 'SN-MOO-10952');
INSERT INTO maintenance (id_maint, Maint_Date, Inst_Serial) VALUES (4, '2025-11-15', 'SN-TAY-42492');
INSERT INTO maintenance (id_maint, Maint_Date, Inst_Serial) VALUES (5, '2025-03-12', 'SN-ROL-74571');
INSERT INTO maintenance (id_maint, Maint_Date, Inst_Serial) VALUES (6, '2025-01-25', 'SN-MOO-10952');
INSERT INTO maintenance (id_maint, Maint_Date, Inst_Serial) VALUES (7, '2025-07-05', 'SN-TAY-87963');
INSERT INTO maintenance (id_maint, Maint_Date, Inst_Serial) VALUES (8, '2025-05-20', 'SN-TAY-87963');
INSERT INTO maintenance (id_maint, Maint_Date, Inst_Serial) VALUES (9, '2025-05-04', 'SN-PEA-61061');
INSERT INTO maintenance (id_maint, Maint_Date, Inst_Serial) VALUES (10, '2025-06-19', 'SN-ROL-74571');
INSERT INTO maintenance (id_maint, Maint_Date, Inst_Serial) VALUES (11, '2025-12-03', 'SN-TAY-87963');
INSERT INTO maintenance (id_maint, Maint_Date, Inst_Serial) VALUES (12, '2025-08-03', 'SN-MOO-10952');
INSERT INTO maintenance (id_maint, Maint_Date, Inst_Serial) VALUES (13, '2025-06-28', 'SN-YAM-95320');
INSERT INTO maintenance (id_maint, Maint_Date, Inst_Serial) VALUES (14, '2025-08-02', 'SN-YAM-34454');
INSERT INTO maintenance (id_maint, Maint_Date, Inst_Serial) VALUES (15, '2025-07-13', 'SN-ROL-30566');
INSERT INTO maintenance (id_maint, Maint_Date, Inst_Serial) VALUES (16, '2025-04-18', 'SN-MAR-78143');
INSERT INTO maintenance (id_maint, Maint_Date, Inst_Serial) VALUES (17, '2025-12-27', 'SN-YAM-95320');
INSERT INTO maintenance (id_maint, Maint_Date, Inst_Serial) VALUES (18, '2025-07-22', 'SN-FEN-84074');
INSERT INTO maintenance (id_maint, Maint_Date, Inst_Serial) VALUES (19, '2025-04-05', 'SN-TAY-36475');
INSERT INTO maintenance (id_maint, Maint_Date, Inst_Serial) VALUES (20, '2025-02-05', 'SN-TAY-87028');
INSERT INTO maintenance (id_maint, Maint_Date, Inst_Serial) VALUES (21, '2025-04-11', 'SN-MOO-50929');
INSERT INTO maintenance (id_maint, Maint_Date, Inst_Serial) VALUES (22, '2025-02-19', 'SN-MOO-10952');
INSERT INTO maintenance (id_maint, Maint_Date, Inst_Serial) VALUES (23, '2025-07-14', 'SN-TAY-89945');
INSERT INTO maintenance (id_maint, Maint_Date, Inst_Serial) VALUES (24, '2025-01-24', 'SN-FEN-84074');
INSERT INTO maintenance (id_maint, Maint_Date, Inst_Serial) VALUES (25, '2025-09-14', 'SN-TAY-87028');
INSERT INTO maintenance (id_maint, Maint_Date, Inst_Serial) VALUES (26, '2025-08-25', 'SN-PEA-61061');
INSERT INTO maintenance (id_maint, Maint_Date, Inst_Serial) VALUES (27, '2025-11-17', 'SN-MOO-99239');
INSERT INTO maintenance (id_maint, Maint_Date, Inst_Serial) VALUES (28, '2025-09-10', 'SN-TAY-87963');
INSERT INTO maintenance (id_maint, Maint_Date, Inst_Serial) VALUES (29, '2025-09-27', 'SN-PEA-95854');
INSERT INTO maintenance (id_maint, Maint_Date, Inst_Serial) VALUES (30, '2025-04-03', 'SN-TAY-42492');
INSERT INTO maintenance (id_maint, Maint_Date, Inst_Serial) VALUES (31, '2025-07-08', 'SN-PEA-95854');
INSERT INTO maintenance (id_maint, Maint_Date, Inst_Serial) VALUES (32, '2025-08-28', 'SN-TAY-87963');
INSERT INTO maintenance (id_maint, Maint_Date, Inst_Serial) VALUES (33, '2025-12-25', 'SN-TAY-42492');
INSERT INTO maintenance (id_maint, Maint_Date, Inst_Serial) VALUES (34, '2025-11-16', 'SN-PEA-38547');
INSERT INTO maintenance (id_maint, Maint_Date, Inst_Serial) VALUES (35, '2025-09-10', 'SN-PEA-61061');
INSERT INTO maintenance (id_maint, Maint_Date, Inst_Serial) VALUES (36, '2025-10-28', 'SN-TAY-51271');
INSERT INTO maintenance (id_maint, Maint_Date, Inst_Serial) VALUES (37, '2025-04-25', 'SN-KOR-26772');
INSERT INTO maintenance (id_maint, Maint_Date, Inst_Serial) VALUES (38, '2025-05-24', 'SN-MAR-98594');
INSERT INTO maintenance (id_maint, Maint_Date, Inst_Serial) VALUES (39, '2025-11-17', 'SN-PEA-61061');
INSERT INTO maintenance (id_maint, Maint_Date, Inst_Serial) VALUES (40, '2025-12-19', 'SN-MOO-21057');

INSERT INTO task (id_task, Task_Desc, Task_Duration) VALUES (1, 'Setup & Intonation', 173);
INSERT INTO task (id_task, Task_Desc, Task_Duration) VALUES (2, 'Fret Dressing', 76);
INSERT INTO task (id_task, Task_Desc, Task_Duration) VALUES (3, 'Nut Replacement', 224);
INSERT INTO task (id_task, Task_Desc, Task_Duration) VALUES (4, 'Synth Calibration', 226);
INSERT INTO task (id_task, Task_Desc, Task_Duration) VALUES (5, 'Fret Dressing', 80);
INSERT INTO task (id_task, Task_Desc, Task_Duration) VALUES (6, 'Drum Tuning', 89);
INSERT INTO task (id_task, Task_Desc, Task_Duration) VALUES (7, 'Nut Replacement', 108);
INSERT INTO task (id_task, Task_Desc, Task_Duration) VALUES (8, 'Drum Tuning', 210);
INSERT INTO task (id_task, Task_Desc, Task_Duration) VALUES (9, 'Nut Replacement', 88);
INSERT INTO task (id_task, Task_Desc, Task_Duration) VALUES (10, 'Nut Replacement', 141);
INSERT INTO task (id_task, Task_Desc, Task_Duration) VALUES (11, 'Setup & Intonation', 168);
INSERT INTO task (id_task, Task_Desc, Task_Duration) VALUES (12, 'Fret Dressing', 75);
INSERT INTO task (id_task, Task_Desc, Task_Duration) VALUES (13, 'Synth Calibration', 147);
INSERT INTO task (id_task, Task_Desc, Task_Duration) VALUES (14, 'Electronics Cleaning', 116);
INSERT INTO task (id_task, Task_Desc, Task_Duration) VALUES (15, 'Setup & Intonation', 88);
INSERT INTO task (id_task, Task_Desc, Task_Duration) VALUES (16, 'Drum Tuning', 68);
INSERT INTO task (id_task, Task_Desc, Task_Duration) VALUES (17, 'Electronics Cleaning', 230);
INSERT INTO task (id_task, Task_Desc, Task_Duration) VALUES (18, 'Electronics Cleaning', 70);
INSERT INTO task (id_task, Task_Desc, Task_Duration) VALUES (19, 'Drum Tuning', 214);
INSERT INTO task (id_task, Task_Desc, Task_Duration) VALUES (20, 'Synth Calibration', 233);

INSERT INTO luthier (id_luthier, Luth_Name, Luth_Specialty) VALUES (1, 'Ivan Moore', 'Woodwinds');
INSERT INTO luthier (id_luthier, Luth_Name, Luth_Specialty) VALUES (2, 'Paul Harris', 'Drums');
INSERT INTO luthier (id_luthier, Luth_Name, Luth_Specialty) VALUES (3, 'Judy Robinson', 'Guitars');
INSERT INTO luthier (id_luthier, Luth_Name, Luth_Specialty) VALUES (4, 'Paul Wilson', 'Drums');
INSERT INTO luthier (id_luthier, Luth_Name, Luth_Specialty) VALUES (5, 'Quinn Johnson', 'Drums');
INSERT INTO luthier (id_luthier, Luth_Name, Luth_Specialty) VALUES (6, 'Bob Smith', 'Guitars');
INSERT INTO luthier (id_luthier, Luth_Name, Luth_Specialty) VALUES (7, 'Leo Davis', 'Guitars');
INSERT INTO luthier (id_luthier, Luth_Name, Luth_Specialty) VALUES (8, 'Kim Williams', 'Brass');
INSERT INTO luthier (id_luthier, Luth_Name, Luth_Specialty) VALUES (9, 'Tom Thomas', 'Guitars');
INSERT INTO luthier (id_luthier, Luth_Name, Luth_Specialty) VALUES (10, 'Maya Moore', 'Drums');

INSERT INTO perform (id_maint, id_task, id_luthier) VALUES (31, 19, 6);
INSERT INTO perform (id_maint, id_task, id_luthier) VALUES (1, 17, 7);
INSERT INTO perform (id_maint, id_task, id_luthier) VALUES (21, 4, 4);
INSERT INTO perform (id_maint, id_task, id_luthier) VALUES (35, 9, 8);
INSERT INTO perform (id_maint, id_task, id_luthier) VALUES (6, 5, 3);
INSERT INTO perform (id_maint, id_task, id_luthier) VALUES (2, 11, 5);
INSERT INTO perform (id_maint, id_task, id_luthier) VALUES (1, 19, 9);
INSERT INTO perform (id_maint, id_task, id_luthier) VALUES (23, 16, 3);
INSERT INTO perform (id_maint, id_task, id_luthier) VALUES (20, 14, 6);
INSERT INTO perform (id_maint, id_task, id_luthier) VALUES (4, 6, 3);
INSERT INTO perform (id_maint, id_task, id_luthier) VALUES (29, 5, 6);
INSERT INTO perform (id_maint, id_task, id_luthier) VALUES (19, 16, 10);
INSERT INTO perform (id_maint, id_task, id_luthier) VALUES (29, 9, 2);
INSERT INTO perform (id_maint, id_task, id_luthier) VALUES (28, 1, 4);
INSERT INTO perform (id_maint, id_task, id_luthier) VALUES (30, 20, 7);
INSERT INTO perform (id_maint, id_task, id_luthier) VALUES (19, 18, 3);
INSERT INTO perform (id_maint, id_task, id_luthier) VALUES (22, 7, 2);
INSERT INTO perform (id_maint, id_task, id_luthier) VALUES (24, 20, 10);
INSERT INTO perform (id_maint, id_task, id_luthier) VALUES (11, 3, 6);
INSERT INTO perform (id_maint, id_task, id_luthier) VALUES (34, 8, 1);
INSERT INTO perform (id_maint, id_task, id_luthier) VALUES (21, 9, 5);
INSERT INTO perform (id_maint, id_task, id_luthier) VALUES (23, 4, 1);
INSERT INTO perform (id_maint, id_task, id_luthier) VALUES (14, 9, 9);
INSERT INTO perform (id_maint, id_task, id_luthier) VALUES (35, 17, 1);
INSERT INTO perform (id_maint, id_task, id_luthier) VALUES (14, 7, 3);
INSERT INTO perform (id_maint, id_task, id_luthier) VALUES (35, 20, 8);
INSERT INTO perform (id_maint, id_task, id_luthier) VALUES (14, 15, 5);
INSERT INTO perform (id_maint, id_task, id_luthier) VALUES (31, 17, 9);
INSERT INTO perform (id_maint, id_task, id_luthier) VALUES (34, 12, 2);
INSERT INTO perform (id_maint, id_task, id_luthier) VALUES (28, 16, 2);
INSERT INTO perform (id_maint, id_task, id_luthier) VALUES (38, 3, 8);
INSERT INTO perform (id_maint, id_task, id_luthier) VALUES (31, 7, 10);
INSERT INTO perform (id_maint, id_task, id_luthier) VALUES (33, 12, 1);
INSERT INTO perform (id_maint, id_task, id_luthier) VALUES (32, 18, 10);
INSERT INTO perform (id_maint, id_task, id_luthier) VALUES (3, 18, 10);
INSERT INTO perform (id_maint, id_task, id_luthier) VALUES (17, 14, 10);
INSERT INTO perform (id_maint, id_task, id_luthier) VALUES (30, 10, 6);
INSERT INTO perform (id_maint, id_task, id_luthier) VALUES (27, 17, 9);
INSERT INTO perform (id_maint, id_task, id_luthier) VALUES (26, 13, 10);
INSERT INTO perform (id_maint, id_task, id_luthier) VALUES (2, 2, 4);
INSERT INTO perform (id_maint, id_task, id_luthier) VALUES (17, 1, 10);
INSERT INTO perform (id_maint, id_task, id_luthier) VALUES (13, 13, 1);
INSERT INTO perform (id_maint, id_task, id_luthier) VALUES (21, 8, 9);
INSERT INTO perform (id_maint, id_task, id_luthier) VALUES (8, 5, 1);
INSERT INTO perform (id_maint, id_task, id_luthier) VALUES (32, 9, 1);
INSERT INTO perform (id_maint, id_task, id_luthier) VALUES (4, 5, 4);
INSERT INTO perform (id_maint, id_task, id_luthier) VALUES (39, 4, 5);
INSERT INTO perform (id_maint, id_task, id_luthier) VALUES (21, 14, 1);
INSERT INTO perform (id_maint, id_task, id_luthier) VALUES (33, 16, 4);
INSERT INTO perform (id_maint, id_task, id_luthier) VALUES (12, 9, 2);
INSERT INTO perform (id_maint, id_task, id_luthier) VALUES (33, 18, 2);
INSERT INTO perform (id_maint, id_task, id_luthier) VALUES (2, 1, 7);
INSERT INTO perform (id_maint, id_task, id_luthier) VALUES (34, 18, 10);
INSERT INTO perform (id_maint, id_task, id_luthier) VALUES (19, 19, 7);
INSERT INTO perform (id_maint, id_task, id_luthier) VALUES (37, 5, 7);
INSERT INTO perform (id_maint, id_task, id_luthier) VALUES (40, 8, 5);
INSERT INTO perform (id_maint, id_task, id_luthier) VALUES (34, 11, 10);
INSERT INTO perform (id_maint, id_task, id_luthier) VALUES (26, 10, 8);
INSERT INTO perform (id_maint, id_task, id_luthier) VALUES (23, 19, 2);

INSERT INTO part (Part_Ref, Part_Name, Part_UnitCost, Stock_Qty, Wood_Species, Material_Type) VALUES ('PRT-769-B', 'Fret Wire', 12.71, 307, NULL, 'Nickel');
INSERT INTO part (Part_Ref, Part_Name, Part_UnitCost, Stock_Qty, Wood_Species, Material_Type) VALUES ('PRT-403-I', '100k Potentiometer', 6.68, 437, NULL, 'Metal/Carbon');
INSERT INTO part (Part_Ref, Part_Name, Part_UnitCost, Stock_Qty, Wood_Species, Material_Type) VALUES ('PRT-296-Y', '100k Potentiometer', 44.32, 65, NULL, 'Metal/Carbon');
INSERT INTO part (Part_Ref, Part_Name, Part_UnitCost, Stock_Qty, Wood_Species, Material_Type) VALUES ('PRT-175-E', 'Bone Nut Blank', 26.9, 475, 'Maple', 'Bone');
INSERT INTO part (Part_Ref, Part_Name, Part_UnitCost, Stock_Qty, Wood_Species, Material_Type) VALUES ('PRT-171-C', 'Fret Wire', 12.74, 430, NULL, 'Nickel');
INSERT INTO part (Part_Ref, Part_Name, Part_UnitCost, Stock_Qty, Wood_Species, Material_Type) VALUES ('PRT-416-L', 'Fret Wire', 11.99, 16, NULL, 'Nickel');
INSERT INTO part (Part_Ref, Part_Name, Part_UnitCost, Stock_Qty, Wood_Species, Material_Type) VALUES ('PRT-986-U', 'Fret Wire', 30.3, 32, NULL, 'Nickel');
INSERT INTO part (Part_Ref, Part_Name, Part_UnitCost, Stock_Qty, Wood_Species, Material_Type) VALUES ('PRT-467-R', 'Drum Head 14"', 34.53, 184, NULL, 'Mylar');
INSERT INTO part (Part_Ref, Part_Name, Part_UnitCost, Stock_Qty, Wood_Species, Material_Type) VALUES ('PRT-906-Y', 'Drum Head 14"', 3.71, 11, NULL, 'Mylar');
INSERT INTO part (Part_Ref, Part_Name, Part_UnitCost, Stock_Qty, Wood_Species, Material_Type) VALUES ('PRT-752-G', 'Drum Head 14"', 43.89, 409, 'Maple', 'Mylar');
INSERT INTO part (Part_Ref, Part_Name, Part_UnitCost, Stock_Qty, Wood_Species, Material_Type) VALUES ('PRT-642-C', 'Drum Head 14"', 4.83, 110, NULL, 'Mylar');
INSERT INTO part (Part_Ref, Part_Name, Part_UnitCost, Stock_Qty, Wood_Species, Material_Type) VALUES ('PRT-721-L', '100k Potentiometer', 9.79, 465, NULL, 'Metal/Carbon');
INSERT INTO part (Part_Ref, Part_Name, Part_UnitCost, Stock_Qty, Wood_Species, Material_Type) VALUES ('PRT-177-K', '100k Potentiometer', 27.2, 214, NULL, 'Metal/Carbon');
INSERT INTO part (Part_Ref, Part_Name, Part_UnitCost, Stock_Qty, Wood_Species, Material_Type) VALUES ('PRT-823-A', 'Bone Nut Blank', 19.83, 317, NULL, 'Bone');
INSERT INTO part (Part_Ref, Part_Name, Part_UnitCost, Stock_Qty, Wood_Species, Material_Type) VALUES ('PRT-508-B', 'Drum Head 14"', 37.43, 495, NULL, 'Mylar');
INSERT INTO part (Part_Ref, Part_Name, Part_UnitCost, Stock_Qty, Wood_Species, Material_Type) VALUES ('PRT-798-Q', '100k Potentiometer', 33.11, 81, NULL, 'Metal/Carbon');
INSERT INTO part (Part_Ref, Part_Name, Part_UnitCost, Stock_Qty, Wood_Species, Material_Type) VALUES ('PRT-359-O', 'Fret Wire', 42.55, 402, NULL, 'Nickel');
INSERT INTO part (Part_Ref, Part_Name, Part_UnitCost, Stock_Qty, Wood_Species, Material_Type) VALUES ('PRT-704-R', 'Drum Head 14"', 36.65, 384, 'Maple', 'Mylar');
INSERT INTO part (Part_Ref, Part_Name, Part_UnitCost, Stock_Qty, Wood_Species, Material_Type) VALUES ('PRT-762-U', 'Fret Wire', 12.35, 372, NULL, 'Nickel');
INSERT INTO part (Part_Ref, Part_Name, Part_UnitCost, Stock_Qty, Wood_Species, Material_Type) VALUES ('PRT-667-O', '100k Potentiometer', 27.88, 166, NULL, 'Metal/Carbon');
INSERT INTO part (Part_Ref, Part_Name, Part_UnitCost, Stock_Qty, Wood_Species, Material_Type) VALUES ('PRT-929-V', 'Drum Head 14"', 7.77, 385, NULL, 'Mylar');
INSERT INTO part (Part_Ref, Part_Name, Part_UnitCost, Stock_Qty, Wood_Species, Material_Type) VALUES ('PRT-973-P', 'Bone Nut Blank', 40.56, 77, NULL, 'Bone');
INSERT INTO part (Part_Ref, Part_Name, Part_UnitCost, Stock_Qty, Wood_Species, Material_Type) VALUES ('PRT-685-D', '100k Potentiometer', 39.7, 475, 'Maple', 'Metal/Carbon');
INSERT INTO part (Part_Ref, Part_Name, Part_UnitCost, Stock_Qty, Wood_Species, Material_Type) VALUES ('PRT-302-H', 'Capacitor 10uF', 22.81, 376, NULL, 'Electrolytic');
INSERT INTO part (Part_Ref, Part_Name, Part_UnitCost, Stock_Qty, Wood_Species, Material_Type) VALUES ('PRT-176-J', 'Fret Wire', 27.92, 452, NULL, 'Nickel');
INSERT INTO part (Part_Ref, Part_Name, Part_UnitCost, Stock_Qty, Wood_Species, Material_Type) VALUES ('PRT-419-O', 'Capacitor 10uF', 13.02, 332, NULL, 'Electrolytic');
INSERT INTO part (Part_Ref, Part_Name, Part_UnitCost, Stock_Qty, Wood_Species, Material_Type) VALUES ('PRT-330-E', 'Capacitor 10uF', 3.18, 293, 'Maple', 'Electrolytic');
INSERT INTO part (Part_Ref, Part_Name, Part_UnitCost, Stock_Qty, Wood_Species, Material_Type) VALUES ('PRT-555-X', 'Drum Head 14"', 49.16, 338, NULL, 'Mylar');
INSERT INTO part (Part_Ref, Part_Name, Part_UnitCost, Stock_Qty, Wood_Species, Material_Type) VALUES ('PRT-609-T', 'Fret Wire', 33.16, 414, NULL, 'Nickel');
INSERT INTO part (Part_Ref, Part_Name, Part_UnitCost, Stock_Qty, Wood_Species, Material_Type) VALUES ('PRT-910-H', 'Drum Head 14"', 10.42, 200, NULL, 'Mylar');

INSERT INTO consumption (id_maint, id_task, Part_Ref, quantity) VALUES (23, 4, 'PRT-302-H', 5);
INSERT INTO consumption (id_maint, id_task, Part_Ref, quantity) VALUES (23, 16, 'PRT-609-T', 3);
INSERT INTO consumption (id_maint, id_task, Part_Ref, quantity) VALUES (23, 19, 'PRT-609-T', 4);
INSERT INTO consumption (id_maint, id_task, Part_Ref, quantity) VALUES (2, 2, 'PRT-823-A', 4);
INSERT INTO consumption (id_maint, id_task, Part_Ref, quantity) VALUES (19, 18, 'PRT-986-U', 5);
INSERT INTO consumption (id_maint, id_task, Part_Ref, quantity) VALUES (2, 11, 'PRT-302-H', 4);
INSERT INTO consumption (id_maint, id_task, Part_Ref, quantity) VALUES (32, 18, 'PRT-704-R', 5);
INSERT INTO consumption (id_maint, id_task, Part_Ref, quantity) VALUES (35, 17, 'PRT-609-T', 3);
INSERT INTO consumption (id_maint, id_task, Part_Ref, quantity) VALUES (24, 20, 'PRT-973-P', 2);
INSERT INTO consumption (id_maint, id_task, Part_Ref, quantity) VALUES (21, 9, 'PRT-467-R', 2);
INSERT INTO consumption (id_maint, id_task, Part_Ref, quantity) VALUES (35, 20, 'PRT-973-P', 3);
INSERT INTO consumption (id_maint, id_task, Part_Ref, quantity) VALUES (12, 9, 'PRT-762-U', 4);
INSERT INTO consumption (id_maint, id_task, Part_Ref, quantity) VALUES (22, 7, 'PRT-176-J', 1);
INSERT INTO consumption (id_maint, id_task, Part_Ref, quantity) VALUES (4, 5, 'PRT-177-K', 5);
INSERT INTO consumption (id_maint, id_task, Part_Ref, quantity) VALUES (37, 5, 'PRT-973-P', 5);
INSERT INTO consumption (id_maint, id_task, Part_Ref, quantity) VALUES (14, 9, 'PRT-769-B', 2);
INSERT INTO consumption (id_maint, id_task, Part_Ref, quantity) VALUES (3, 18, 'PRT-403-I', 4);
INSERT INTO consumption (id_maint, id_task, Part_Ref, quantity) VALUES (17, 14, 'PRT-986-U', 3);
INSERT INTO consumption (id_maint, id_task, Part_Ref, quantity) VALUES (8, 5, 'PRT-762-U', 5);
INSERT INTO consumption (id_maint, id_task, Part_Ref, quantity) VALUES (2, 1, 'PRT-762-U', 3);
INSERT INTO consumption (id_maint, id_task, Part_Ref, quantity) VALUES (33, 16, 'PRT-929-V', 1);
INSERT INTO consumption (id_maint, id_task, Part_Ref, quantity) VALUES (30, 20, 'PRT-762-U', 4);
INSERT INTO consumption (id_maint, id_task, Part_Ref, quantity) VALUES (38, 3, 'PRT-798-Q', 5);
INSERT INTO consumption (id_maint, id_task, Part_Ref, quantity) VALUES (39, 4, 'PRT-359-O', 2);
INSERT INTO consumption (id_maint, id_task, Part_Ref, quantity) VALUES (29, 9, 'PRT-467-R', 1);
INSERT INTO consumption (id_maint, id_task, Part_Ref, quantity) VALUES (26, 10, 'PRT-986-U', 2);
INSERT INTO consumption (id_maint, id_task, Part_Ref, quantity) VALUES (29, 5, 'PRT-302-H', 4);
INSERT INTO consumption (id_maint, id_task, Part_Ref, quantity) VALUES (21, 8, 'PRT-416-L', 5);
INSERT INTO consumption (id_maint, id_task, Part_Ref, quantity) VALUES (21, 14, 'PRT-986-U', 3);
INSERT INTO consumption (id_maint, id_task, Part_Ref, quantity) VALUES (21, 4, 'PRT-906-Y', 3);
INSERT INTO consumption (id_maint, id_task, Part_Ref, quantity) VALUES (34, 11, 'PRT-910-H', 5);
INSERT INTO consumption (id_maint, id_task, Part_Ref, quantity) VALUES (34, 8, 'PRT-929-V', 4);
INSERT INTO consumption (id_maint, id_task, Part_Ref, quantity) VALUES (28, 16, 'PRT-667-O', 4);
INSERT INTO consumption (id_maint, id_task, Part_Ref, quantity) VALUES (27, 17, 'PRT-798-Q', 1);
INSERT INTO consumption (id_maint, id_task, Part_Ref, quantity) VALUES (33, 12, 'PRT-704-R', 5);
INSERT INTO consumption (id_maint, id_task, Part_Ref, quantity) VALUES (35, 9, 'PRT-359-O', 3);
INSERT INTO consumption (id_maint, id_task, Part_Ref, quantity) VALUES (33, 18, 'PRT-823-A', 1);
INSERT INTO consumption (id_maint, id_task, Part_Ref, quantity) VALUES (19, 19, 'PRT-296-Y', 3);
INSERT INTO consumption (id_maint, id_task, Part_Ref, quantity) VALUES (1, 19, 'PRT-929-V', 4);
INSERT INTO consumption (id_maint, id_task, Part_Ref, quantity) VALUES (40, 8, 'PRT-171-C', 5);

INSERT INTO supplier (id_supp, Supp_Name) VALUES (1, 'DrumFactoryDirect Inc. 1');
INSERT INTO supplier (id_supp, Supp_Name) VALUES (2, 'StewMac Inc. 2');
INSERT INTO supplier (id_supp, Supp_Name) VALUES (3, 'DrumFactoryDirect Inc. 3');
INSERT INTO supplier (id_supp, Supp_Name) VALUES (4, 'DrumFactoryDirect Inc. 4');
INSERT INTO supplier (id_supp, Supp_Name) VALUES (5, 'AllParts Inc. 5');
INSERT INTO supplier (id_supp, Supp_Name) VALUES (6, 'StewMac Inc. 6');
INSERT INTO supplier (id_supp, Supp_Name) VALUES (7, 'DrumFactoryDirect Inc. 7');
INSERT INTO supplier (id_supp, Supp_Name) VALUES (8, 'StewMac Inc. 8');
INSERT INTO supplier (id_supp, Supp_Name) VALUES (9, 'StewMac Inc. 9');
INSERT INTO supplier (id_supp, Supp_Name) VALUES (10, 'AllParts Inc. 10');

INSERT INTO supply (id_supp, Part_Ref, Order_Date, Warranty_End) VALUES (7, 'PRT-175-E', '2024-02-04', '2025-02-03');
INSERT INTO supply (id_supp, Part_Ref, Order_Date, Warranty_End) VALUES (7, 'PRT-176-J', '2024-02-14', '2025-02-13');
INSERT INTO supply (id_supp, Part_Ref, Order_Date, Warranty_End) VALUES (7, 'PRT-704-R', '2024-11-04', '2025-11-04');
INSERT INTO supply (id_supp, Part_Ref, Order_Date, Warranty_End) VALUES (3, 'PRT-609-T', '2024-08-18', '2025-08-18');
INSERT INTO supply (id_supp, Part_Ref, Order_Date, Warranty_End) VALUES (8, 'PRT-973-P', '2024-08-26', '2025-08-26');
INSERT INTO supply (id_supp, Part_Ref, Order_Date, Warranty_End) VALUES (4, 'PRT-642-C', '2024-06-25', '2025-06-25');
INSERT INTO supply (id_supp, Part_Ref, Order_Date, Warranty_End) VALUES (4, 'PRT-330-E', '2024-04-20', '2025-04-20');
INSERT INTO supply (id_supp, Part_Ref, Order_Date, Warranty_End) VALUES (2, 'PRT-330-E', '2024-03-09', '2025-03-09');
INSERT INTO supply (id_supp, Part_Ref, Order_Date, Warranty_End) VALUES (7, 'PRT-823-A', '2024-04-21', '2025-04-21');
INSERT INTO supply (id_supp, Part_Ref, Order_Date, Warranty_End) VALUES (1, 'PRT-171-C', '2024-06-14', '2025-06-14');
INSERT INTO supply (id_supp, Part_Ref, Order_Date, Warranty_End) VALUES (3, 'PRT-721-L', '2024-10-27', '2025-10-27');
INSERT INTO supply (id_supp, Part_Ref, Order_Date, Warranty_End) VALUES (1, 'PRT-762-U', '2024-03-17', '2025-03-17');
INSERT INTO supply (id_supp, Part_Ref, Order_Date, Warranty_End) VALUES (9, 'PRT-177-K', '2024-08-19', '2025-08-19');
INSERT INTO supply (id_supp, Part_Ref, Order_Date, Warranty_End) VALUES (10, 'PRT-296-Y', '2024-10-20', '2025-10-20');
INSERT INTO supply (id_supp, Part_Ref, Order_Date, Warranty_End) VALUES (5, 'PRT-910-H', '2024-11-22', '2025-11-22');
INSERT INTO supply (id_supp, Part_Ref, Order_Date, Warranty_End) VALUES (6, 'PRT-642-C', '2024-03-24', '2025-03-24');
INSERT INTO supply (id_supp, Part_Ref, Order_Date, Warranty_End) VALUES (2, 'PRT-823-A', '2024-08-27', '2025-08-27');
INSERT INTO supply (id_supp, Part_Ref, Order_Date, Warranty_End) VALUES (1, 'PRT-910-H', '2024-07-10', '2025-07-10');
INSERT INTO supply (id_supp, Part_Ref, Order_Date, Warranty_End) VALUES (5, 'PRT-175-E', '2024-01-08', '2025-01-07');
INSERT INTO supply (id_supp, Part_Ref, Order_Date, Warranty_End) VALUES (2, 'PRT-171-C', '2024-07-15', '2025-07-15');
INSERT INTO supply (id_supp, Part_Ref, Order_Date, Warranty_End) VALUES (7, 'PRT-296-Y', '2024-04-20', '2025-04-20');
INSERT INTO supply (id_supp, Part_Ref, Order_Date, Warranty_End) VALUES (8, 'PRT-175-E', '2024-05-08', '2025-05-08');
INSERT INTO supply (id_supp, Part_Ref, Order_Date, Warranty_End) VALUES (4, 'PRT-929-V', '2024-02-05', '2025-02-04');
INSERT INTO supply (id_supp, Part_Ref, Order_Date, Warranty_End) VALUES (8, 'PRT-910-H', '2024-10-19', '2025-10-19');
INSERT INTO supply (id_supp, Part_Ref, Order_Date, Warranty_End) VALUES (6, 'PRT-823-A', '2024-10-20', '2025-10-20');
INSERT INTO supply (id_supp, Part_Ref, Order_Date, Warranty_End) VALUES (5, 'PRT-302-H', '2024-02-26', '2025-02-25');
INSERT INTO supply (id_supp, Part_Ref, Order_Date, Warranty_End) VALUES (10, 'PRT-823-A', '2024-12-11', '2025-12-11');
INSERT INTO supply (id_supp, Part_Ref, Order_Date, Warranty_End) VALUES (1, 'PRT-704-R', '2024-10-12', '2025-10-12');
INSERT INTO supply (id_supp, Part_Ref, Order_Date, Warranty_End) VALUES (6, 'PRT-721-L', '2024-09-06', '2025-09-06');
INSERT INTO supply (id_supp, Part_Ref, Order_Date, Warranty_End) VALUES (7, 'PRT-906-Y', '2024-08-07', '2025-08-07');
INSERT INTO supply (id_supp, Part_Ref, Order_Date, Warranty_End) VALUES (9, 'PRT-642-C', '2024-05-25', '2025-05-25');
INSERT INTO supply (id_supp, Part_Ref, Order_Date, Warranty_End) VALUES (9, 'PRT-762-U', '2024-11-27', '2025-11-27');
INSERT INTO supply (id_supp, Part_Ref, Order_Date, Warranty_End) VALUES (9, 'PRT-823-A', '2024-08-17', '2025-08-17');
INSERT INTO supply (id_supp, Part_Ref, Order_Date, Warranty_End) VALUES (6, 'PRT-704-R', '2024-06-03', '2025-06-03');
INSERT INTO supply (id_supp, Part_Ref, Order_Date, Warranty_End) VALUES (6, 'PRT-685-D', '2024-12-14', '2025-12-14');
INSERT INTO supply (id_supp, Part_Ref, Order_Date, Warranty_End) VALUES (10, 'PRT-177-K', '2024-05-28', '2025-05-28');
INSERT INTO supply (id_supp, Part_Ref, Order_Date, Warranty_End) VALUES (5, 'PRT-171-C', '2024-09-24', '2025-09-24');
INSERT INTO supply (id_supp, Part_Ref, Order_Date, Warranty_End) VALUES (5, 'PRT-419-O', '2024-08-15', '2025-08-15');
